county,median_income
Anderson,55200
Bedford,55100
Benton,42800
Bledsoe,38500
Blount,60200
Bradley,57400
Campbell,37300
Cannon,49500
Carroll,43200
Carter,44100
Cheatham,69400
Chester,48300
Claiborne,39100
Clay,39200
Cocke,39400
Coffee,54700
Crockett,44800
Cumberland,48200
Davidson,66800
Decatur,41200
DeKalb,45600
Dickson,61500
Dyer,47200
Fayette,66100
Fentress,38200
Franklin,53400
Gibson,46100
Giles,49100
Grainger,45300
Greene,46200
Grundy,33400
Hamblen,49100
Hamilton,61500
Hancock,29200
Hardeman,39100
Hardin,41500
Hawkins,45600
Haywood,34100
Henderson,44400
Henry,46300
Hickman,49400
Houston,45300
Humphreys,49700
Jackson,39300
Jefferson,52600
Johnson,38200
Knox,64800
Lake,29400
Lauderdale,36200
Lawrence,47300
Lewis,39400
Lincoln,51700
Loudon,69200
McMinn,49300
McNairy,41300
Macon,50700
Madison,49200
Marion,47500
Marshall,53800
Maury,69400
Meigs,46200
Monroe,45500
Montgomery,63800
Moore,64600
Morgan,37300
Obion,45100
Overton,41600
Perry,39200
Pickett,40700
Polk,42400
Putnam,52600
Rhea,44200
Roane,51400
Robertson,67500
Rutherford,75200
Scott,36300
Sequatchie,46400
Sevier,55400
Shelby,56800
Smith,53700
Stewart,49600
Sullivan,53600
Sumner,78300
Tipton,64300
Trousdale,52500
Unicoi,43300
Union,41700
Van Buren,41300
Warren,48100
Washington,57100
Wayne,37500
Weakley,45200
White,47500
Williamson,118500
Wilson,85200
